cycle,branch,model,modeldate,candidate_inc,candidate_chal,candidate_3rd,evprob_inc,evprob_chal,evprob_3rd,total_ev,timestamp,simulations
2020,President,polls-plus,9/26/2020,Trump,Biden,"",.001675,0,,99,07:05:03 26 Sep 2020,40000
2020,President,polls-plus,9/26/2020,Trump,Biden,"",.001675,0,,98,07:05:03 26 Sep 2020,40000
2020,President,polls-plus,9/26/2020,Trump,Biden,"",.0027,0,,97,07:05:03 26 Sep 2020,40000
2020,President,polls-plus,9/26/2020,Trump,Biden,"",.001575,0,,96,07:05:03 26 Sep 2020,40000
2020,President,polls-plus,9/26/2020,Trump,Biden,"",.0011,.000025,,95,07:05:03 26 Sep 2020,40000
2020,President,polls-plus,9/26/2020,Trump,Biden,"",.0025,0,,94,07:05:03 26 Sep 2020,40000
2020,President,polls-plus,9/26/2020,Trump,Biden,"",.0021,0,,93,07:05:03 26 Sep 2020,40000
2020,President,polls-plus,9/26/2020,Trump,Biden,"",.002,0,,92,07:05:03 26 Sep 2020,40000
2020,President,polls-plus,9/26/2020,Trump,Biden,"",.001425,.000025,,91,07:05:03 26 Sep 2020,40000
2020,President,polls-plus,9/26/2020,Trump,Biden,"",.001,0,,90,07:05:03 26 Sep 2020,40000
2020,President,polls-plus,9/26/2020,Trump,Biden,"",.000075,0,,9,07:05:03 26 Sep 2020,40000
2020,President,polls-plus,9/26/2020,Trump,Biden,"",.0017,0,,89,07:05:03 26 Sep 2020,40000
2020,President,polls-plus,9/26/2020,Trump,Biden,"",.001675,0,,88,07:05:03 26 Sep 2020,40000
2020,President,polls-plus,9/26/2020,Trump,Biden,"",.00135,.00005,,87,07:05:03 26 Sep 2020,40000
2020,President,polls-plus,9/26/2020,Trump,Biden,"",.00185,0,,86,07:05:03 26 Sep 2020,40000
2020,President,polls-plus,9/26/2020,Trump,Biden,"",.00125,0,,85,07:05:03 26 Sep 2020,40000
2020,President,polls-plus,9/26/2020,Trump,Biden,"",.0008,.00005,,84,07:05:03 26 Sep 2020,40000
2020,President,polls-plus,9/26/2020,Trump,Biden,"",.00195,0,,83,07:05:03 26 Sep 2020,40000
2020,President,polls-plus,9/26/2020,Trump,Biden,"",.0015,0,,82,07:05:03 26 Sep 2020,40000
2020,President,polls-plus,9/26/2020,Trump,Biden,"",.001025,0,,81,07:05:03 26 Sep 2020,40000
2020,President,polls-plus,9/26/2020,Trump,Biden,"",.001225,0,,80,07:05:03 26 Sep 2020,40000
2020,President,polls-plus,9/26/2020,Trump,Biden,"",.000125,0,,8,07:05:03 26 Sep 2020,40000
2020,President,polls-plus,9/26/2020,Trump,Biden,"",.001175,0,,79,07:05:03 26 Sep 2020,40000
2020,President,polls-plus,9/26/2020,Trump,Biden,"",.000425,0,,78,07:05:03 26 Sep 2020,40000
2020,President,polls-plus,9/26/2020,Trump,Biden,"",.0014,0,,77,07:05:03 26 Sep 2020,40000
2020,President,polls-plus,9/26/2020,Trump,Biden,"",.0011,.00005,,76,07:05:03 26 Sep 2020,40000
2020,President,polls-plus,9/26/2020,Trump,Biden,"",.00075,0,,75,07:05:03 26 Sep 2020,40000
2020,President,polls-plus,9/26/2020,Trump,Biden,"",.001525,0,,74,07:05:03 26 Sep 2020,40000
2020,President,polls-plus,9/26/2020,Trump,Biden,"",.000525,.000025,,73,07:05:03 26 Sep 2020,40000
2020,President,polls-plus,9/26/2020,Trump,Biden,"",.001375,0,,72,07:05:03 26 Sep 2020,40000
2020,President,polls-plus,9/26/2020,Trump,Biden,"",.000725,0,,71,07:05:03 26 Sep 2020,40000
2020,President,polls-plus,9/26/2020,Trump,Biden,"",.0009,.000025,,70,07:05:03 26 Sep 2020,40000
2020,President,polls-plus,9/26/2020,Trump,Biden,"",.000075,0,,7,07:05:03 26 Sep 2020,40000
2020,President,polls-plus,9/26/2020,Trump,Biden,"",.000825,0,,69,07:05:03 26 Sep 2020,40000
2020,President,polls-plus,9/26/2020,Trump,Biden,"",.00085,0,,68,07:05:03 26 Sep 2020,40000
2020,President,polls-plus,9/26/2020,Trump,Biden,"",.000575,0,,67,07:05:03 26 Sep 2020,40000
2020,President,polls-plus,9/26/2020,Trump,Biden,"",.0012,0,,66,07:05:03 26 Sep 2020,40000
2020,President,polls-plus,9/26/2020,Trump,Biden,"",.00065,0,,65,07:05:03 26 Sep 2020,40000
2020,President,polls-plus,9/26/2020,Trump,Biden,"",.000475,0,,64,07:05:03 26 Sep 2020,40000
2020,President,polls-plus,9/26/2020,Trump,Biden,"",.001175,0,,63,07:05:03 26 Sep 2020,40000
2020,President,polls-plus,9/26/2020,Trump,Biden,"",.001025,0,,62,07:05:03 26 Sep 2020,40000
2020,President,polls-plus,9/26/2020,Trump,Biden,"",.000425,0,,61,07:05:03 26 Sep 2020,40000
2020,President,polls-plus,9/26/2020,Trump,Biden,"",.000675,0,,60,07:05:03 26 Sep 2020,40000
2020,President,polls-plus,9/26/2020,Trump,Biden,"",.000025,0,,6,07:05:03 26 Sep 2020,40000
2020,President,polls-plus,9/26/2020,Trump,Biden,"",.000725,0,,59,07:05:03 26 Sep 2020,40000
2020,President,polls-plus,9/26/2020,Trump,Biden,"",.00035,0,,58,07:05:03 26 Sep 2020,40000
2020,President,polls-plus,9/26/2020,Trump,Biden,"",.00075,0,,57,07:05:03 26 Sep 2020,40000
2020,President,polls-plus,9/26/2020,Trump,Biden,"",.000425,0,,56,07:05:03 26 Sep 2020,40000
2020,President,polls-plus,9/26/2020,Trump,Biden,"",.000575,0,,55,07:05:03 26 Sep 2020,40000
2020,President,polls-plus,9/26/2020,Trump,Biden,"",.000625,.000025,,54,07:05:03 26 Sep 2020,40000
2020,President,polls-plus,9/26/2020,Trump,Biden,"",0,.000025,,538,07:05:03 26 Sep 2020,40000
2020,President,polls-plus,9/26/2020,Trump,Biden,"",0,.0002,,537,07:05:03 26 Sep 2020,40000
2020,President,polls-plus,9/26/2020,Trump,Biden,"",0,0,,536,07:05:03 26 Sep 2020,40000
2020,President,polls-plus,9/26/2020,Trump,Biden,"",0,.000025,,535,07:05:03 26 Sep 2020,40000
2020,President,polls-plus,9/26/2020,Trump,Biden,"",0,.0005,,534,07:05:03 26 Sep 2020,40000
2020,President,polls-plus,9/26/2020,Trump,Biden,"",0,.00005,,533,07:05:03 26 Sep 2020,40000
2020,President,polls-plus,9/26/2020,Trump,Biden,"",0,.000025,,532,07:05:03 26 Sep 2020,40000
2020,President,polls-plus,9/26/2020,Trump,Biden,"",0,.000075,,531,07:05:03 26 Sep 2020,40000
2020,President,polls-plus,9/26/2020,Trump,Biden,"",0,.000125,,530,07:05:03 26 Sep 2020,40000
2020,President,polls-plus,9/26/2020,Trump,Biden,"",.00025,0,,53,07:05:03 26 Sep 2020,40000
2020,President,polls-plus,9/26/2020,Trump,Biden,"",0,.000075,,529,07:05:03 26 Sep 2020,40000
2020,President,polls-plus,9/26/2020,Trump,Biden,"",0,.000125,,528,07:05:03 26 Sep 2020,40000
2020,President,polls-plus,9/26/2020,Trump,Biden,"",0,.000125,,527,07:05:03 26 Sep 2020,40000
2020,President,polls-plus,9/26/2020,Trump,Biden,"",0,.0001,,526,07:05:03 26 Sep 2020,40000
2020,President,polls-plus,9/26/2020,Trump,Biden,"",0,.0001,,525,07:05:03 26 Sep 2020,40000
2020,President,polls-plus,9/26/2020,Trump,Biden,"",0,.00005,,524,07:05:03 26 Sep 2020,40000
2020,President,polls-plus,9/26/2020,Trump,Biden,"",0,.00015,,523,07:05:03 26 Sep 2020,40000
2020,President,polls-plus,9/26/2020,Trump,Biden,"",0,.00025,,522,07:05:03 26 Sep 2020,40000
2020,President,polls-plus,9/26/2020,Trump,Biden,"",0,.00015,,521,07:05:03 26 Sep 2020,40000
2020,President,polls-plus,9/26/2020,Trump,Biden,"",0,.0001,,520,07:05:03 26 Sep 2020,40000
2020,President,polls-plus,9/26/2020,Trump,Biden,"",.0007,0,,52,07:05:03 26 Sep 2020,40000
2020,President,polls-plus,9/26/2020,Trump,Biden,"",0,.000175,,519,07:05:03 26 Sep 2020,40000
2020,President,polls-plus,9/26/2020,Trump,Biden,"",0,.000175,,518,07:05:03 26 Sep 2020,40000
2020,President,polls-plus,9/26/2020,Trump,Biden,"",0,.00005,,517,07:05:03 26 Sep 2020,40000
2020,President,polls-plus,9/26/2020,Trump,Biden,"",0,.00025,,516,07:05:03 26 Sep 2020,40000
2020,President,polls-plus,9/26/2020,Trump,Biden,"",0,.000275,,515,07:05:03 26 Sep 2020,40000
2020,President,polls-plus,9/26/2020,Trump,Biden,"",0,.0001,,514,07:05:03 26 Sep 2020,40000
2020,President,polls-plus,9/26/2020,Trump,Biden,"",0,.00025,,513,07:05:03 26 Sep 2020,40000
2020,President,polls-plus,9/26/2020,Trump,Biden,"",0,.00035,,512,07:05:03 26 Sep 2020,40000
2020,President,polls-plus,9/26/2020,Trump,Biden,"",0,.0001,,511,07:05:03 26 Sep 2020,40000
2020,President,polls-plus,9/26/2020,Trump,Biden,"",0,.00035,,510,07:05:03 26 Sep 2020,40000
2020,President,polls-plus,9/26/2020,Trump,Biden,"",.000775,0,,51,07:05:03 26 Sep 2020,40000
2020,President,polls-plus,9/26/2020,Trump,Biden,"",0,.0003,,509,07:05:03 26 Sep 2020,40000
2020,President,polls-plus,9/26/2020,Trump,Biden,"",0,.00015,,508,07:05:03 26 Sep 2020,40000
2020,President,polls-plus,9/26/2020,Trump,Biden,"",0,.000325,,507,07:05:03 26 Sep 2020,40000
2020,President,polls-plus,9/26/2020,Trump,Biden,"",0,.000375,,506,07:05:03 26 Sep 2020,40000
2020,President,polls-plus,9/26/2020,Trump,Biden,"",0,.0002,,505,07:05:03 26 Sep 2020,40000
2020,President,polls-plus,9/26/2020,Trump,Biden,"",0,.00035,,504,07:05:03 26 Sep 2020,40000
2020,President,polls-plus,9/26/2020,Trump,Biden,"",.000025,.000225,,503,07:05:03 26 Sep 2020,40000
2020,President,polls-plus,9/26/2020,Trump,Biden,"",0,.000375,,502,07:05:03 26 Sep 2020,40000
2020,President,polls-plus,9/26/2020,Trump,Biden,"",0,.0003,,501,07:05:03 26 Sep 2020,40000
2020,President,polls-plus,9/26/2020,Trump,Biden,"",0,.000225,,500,07:05:03 26 Sep 2020,40000
2020,President,polls-plus,9/26/2020,Trump,Biden,"",.000375,.000025,,50,07:05:03 26 Sep 2020,40000
2020,President,polls-plus,9/26/2020,Trump,Biden,"",.00005,0,,5,07:05:03 26 Sep 2020,40000
2020,President,polls-plus,9/26/2020,Trump,Biden,"",0,.000575,,499,07:05:03 26 Sep 2020,40000
2020,President,polls-plus,9/26/2020,Trump,Biden,"",0,.000425,,498,07:05:03 26 Sep 2020,40000
2020,President,polls-plus,9/26/2020,Trump,Biden,"",0,.000125,,497,07:05:03 26 Sep 2020,40000
2020,President,polls-plus,9/26/2020,Trump,Biden,"",0,.00075,,496,07:05:03 26 Sep 2020,40000
2020,President,polls-plus,9/26/2020,Trump,Biden,"",0,.0005,,495,07:05:03 26 Sep 2020,40000
2020,President,polls-plus,9/26/2020,Trump,Biden,"",0,.00015,,494,07:05:03 26 Sep 2020,40000
2020,President,polls-plus,9/26/2020,Trump,Biden,"",0,.000775,,493,07:05:03 26 Sep 2020,40000
2020,President,polls-plus,9/26/2020,Trump,Biden,"",0,.000625,,492,07:05:03 26 Sep 2020,40000
2020,President,polls-plus,9/26/2020,Trump,Biden,"",0,.00015,,491,07:05:03 26 Sep 2020,40000
2020,President,polls-plus,9/26/2020,Trump,Biden,"",0,.000525,,490,07:05:03 26 Sep 2020,40000
2020,President,polls-plus,9/26/2020,Trump,Biden,"",.000525,0,,49,07:05:03 26 Sep 2020,40000
2020,President,polls-plus,9/26/2020,Trump,Biden,"",0,.000525,,489,07:05:03 26 Sep 2020,40000
2020,President,polls-plus,9/26/2020,Trump,Biden,"",.000025,.000375,,488,07:05:03 26 Sep 2020,40000
2020,President,polls-plus,9/26/2020,Trump,Biden,"",0,.000775,,487,07:05:03 26 Sep 2020,40000
2020,President,polls-plus,9/26/2020,Trump,Biden,"",0,.0007,,486,07:05:03 26 Sep 2020,40000
2020,President,polls-plus,9/26/2020,Trump,Biden,"",0,.00025,,485,07:05:03 26 Sep 2020,40000
2020,President,polls-plus,9/26/2020,Trump,Biden,"",.000025,.000625,,484,07:05:03 26 Sep 2020,40000
2020,President,polls-plus,9/26/2020,Trump,Biden,"",0,.000575,,483,07:05:03 26 Sep 2020,40000
2020,President,polls-plus,9/26/2020,Trump,Biden,"",0,.000425,,482,07:05:03 26 Sep 2020,40000
2020,President,polls-plus,9/26/2020,Trump,Biden,"",0,.00075,,481,07:05:03 26 Sep 2020,40000
2020,President,polls-plus,9/26/2020,Trump,Biden,"",0,.00035,,480,07:05:03 26 Sep 2020,40000
2020,President,polls-plus,9/26/2020,Trump,Biden,"",.000525,0,,48,07:05:03 26 Sep 2020,40000
2020,President,polls-plus,9/26/2020,Trump,Biden,"",0,.000725,,479,07:05:03 26 Sep 2020,40000
2020,President,polls-plus,9/26/2020,Trump,Biden,"",0,.000675,,478,07:05:03 26 Sep 2020,40000
2020,President,polls-plus,9/26/2020,Trump,Biden,"",0,.000425,,477,07:05:03 26 Sep 2020,40000
2020,President,polls-plus,9/26/2020,Trump,Biden,"",0,.001025,,476,07:05:03 26 Sep 2020,40000
2020,President,polls-plus,9/26/2020,Trump,Biden,"",0,.001175,,475,07:05:03 26 Sep 2020,40000
2020,President,polls-plus,9/26/2020,Trump,Biden,"",0,.000475,,474,07:05:03 26 Sep 2020,40000
2020,President,polls-plus,9/26/2020,Trump,Biden,"",0,.00065,,473,07:05:03 26 Sep 2020,40000
2020,President,polls-plus,9/26/2020,Trump,Biden,"",0,.0012,,472,07:05:03 26 Sep 2020,40000
2020,President,polls-plus,9/26/2020,Trump,Biden,"",0,.000575,,471,07:05:03 26 Sep 2020,40000
2020,President,polls-plus,9/26/2020,Trump,Biden,"",0,.00085,,470,07:05:03 26 Sep 2020,40000
2020,President,polls-plus,9/26/2020,Trump,Biden,"",.00015,0,,47,07:05:03 26 Sep 2020,40000
2020,President,polls-plus,9/26/2020,Trump,Biden,"",0,.000825,,469,07:05:03 26 Sep 2020,40000
2020,President,polls-plus,9/26/2020,Trump,Biden,"",.000025,.0009,,468,07:05:03 26 Sep 2020,40000
2020,President,polls-plus,9/26/2020,Trump,Biden,"",0,.000725,,467,07:05:03 26 Sep 2020,40000
2020,President,polls-plus,9/26/2020,Trump,Biden,"",0,.001375,,466,07:05:03 26 Sep 2020,40000
2020,President,polls-plus,9/26/2020,Trump,Biden,"",.000025,.000525,,465,07:05:03 26 Sep 2020,40000
2020,President,polls-plus,9/26/2020,Trump,Biden,"",0,.001525,,464,07:05:03 26 Sep 2020,40000
2020,President,polls-plus,9/26/2020,Trump,Biden,"",0,.00075,,463,07:05:03 26 Sep 2020,40000
2020,President,polls-plus,9/26/2020,Trump,Biden,"",.00005,.0011,,462,07:05:03 26 Sep 2020,40000
2020,President,polls-plus,9/26/2020,Trump,Biden,"",0,.0014,,461,07:05:03 26 Sep 2020,40000
2020,President,polls-plus,9/26/2020,Trump,Biden,"",0,.000425,,460,07:05:03 26 Sep 2020,40000
2020,President,polls-plus,9/26/2020,Trump,Biden,"",.000625,0,,46,07:05:03 26 Sep 2020,40000
2020,President,polls-plus,9/26/2020,Trump,Biden,"",0,.001175,,459,07:05:03 26 Sep 2020,40000
2020,President,polls-plus,9/26/2020,Trump,Biden,"",0,.001225,,458,07:05:03 26 Sep 2020,40000
2020,President,polls-plus,9/26/2020,Trump,Biden,"",0,.001025,,457,07:05:03 26 Sep 2020,40000
2020,President,polls-plus,9/26/2020,Trump,Biden,"",0,.0015,,456,07:05:03 26 Sep 2020,40000
2020,President,polls-plus,9/26/2020,Trump,Biden,"",0,.00195,,455,07:05:03 26 Sep 2020,40000
2020,President,polls-plus,9/26/2020,Trump,Biden,"",.00005,.0008,,454,07:05:03 26 Sep 2020,40000
2020,President,polls-plus,9/26/2020,Trump,Biden,"",0,.00125,,453,07:05:03 26 Sep 2020,40000
2020,President,polls-plus,9/26/2020,Trump,Biden,"",0,.00185,,452,07:05:03 26 Sep 2020,40000
2020,President,polls-plus,9/26/2020,Trump,Biden,"",.00005,.00135,,451,07:05:03 26 Sep 2020,40000
2020,President,polls-plus,9/26/2020,Trump,Biden,"",0,.001675,,450,07:05:03 26 Sep 2020,40000
2020,President,polls-plus,9/26/2020,Trump,Biden,"",.000775,0,,45,07:05:03 26 Sep 2020,40000
2020,President,polls-plus,9/26/2020,Trump,Biden,"",0,.0017,,449,07:05:03 26 Sep 2020,40000
2020,President,polls-plus,9/26/2020,Trump,Biden,"",0,.001,,448,07:05:03 26 Sep 2020,40000
2020,President,polls-plus,9/26/2020,Trump,Biden,"",.000025,.001425,,447,07:05:03 26 Sep 2020,40000
2020,President,polls-plus,9/26/2020,Trump,Biden,"",0,.002,,446,07:05:03 26 Sep 2020,40000
2020,President,polls-plus,9/26/2020,Trump,Biden,"",0,.0021,,445,07:05:03 26 Sep 2020,40000
2020,President,polls-plus,9/26/2020,Trump,Biden,"",0,.0025,,444,07:05:03 26 Sep 2020,40000
2020,President,polls-plus,9/26/2020,Trump,Biden,"",.000025,.0011,,443,07:05:03 26 Sep 2020,40000
2020,President,polls-plus,9/26/2020,Trump,Biden,"",0,.001575,,442,07:05:03 26 Sep 2020,40000
2020,President,polls-plus,9/26/2020,Trump,Biden,"",0,.0027,,441,07:05:03 26 Sep 2020,40000
2020,President,polls-plus,9/26/2020,Trump,Biden,"",0,.001675,,440,07:05:03 26 Sep 2020,40000
2020,President,polls-plus,9/26/2020,Trump,Biden,"",.00015,0,,44,07:05:03 26 Sep 2020,40000
2020,President,polls-plus,9/26/2020,Trump,Biden,"",0,.001675,,439,07:05:03 26 Sep 2020,40000
2020,President,polls-plus,9/26/2020,Trump,Biden,"",0,.002375,,438,07:05:03 26 Sep 2020,40000
2020,President,polls-plus,9/26/2020,Trump,Biden,"",.000025,.00145,,437,07:05:03 26 Sep 2020,40000
2020,President,polls-plus,9/26/2020,Trump,Biden,"",.000025,.003525,,436,07:05:03 26 Sep 2020,40000
2020,President,polls-plus,9/26/2020,Trump,Biden,"",.000025,.00505,,435,07:05:03 26 Sep 2020,40000
2020,President,polls-plus,9/26/2020,Trump,Biden,"",0,.002125,,434,07:05:03 26 Sep 2020,40000
2020,President,polls-plus,9/26/2020,Trump,Biden,"",0,.001225,,433,07:05:03 26 Sep 2020,40000
2020,President,polls-plus,9/26/2020,Trump,Biden,"",0,.003425,,432,07:05:03 26 Sep 2020,40000
2020,President,polls-plus,9/26/2020,Trump,Biden,"",.00005,.003325,,431,07:05:03 26 Sep 2020,40000
2020,President,polls-plus,9/26/2020,Trump,Biden,"",.00005,.00215,,430,07:05:03 26 Sep 2020,40000
2020,President,polls-plus,9/26/2020,Trump,Biden,"",.0005,0,,43,07:05:03 26 Sep 2020,40000
2020,President,polls-plus,9/26/2020,Trump,Biden,"",0,.0036,,429,07:05:03 26 Sep 2020,40000
2020,President,polls-plus,9/26/2020,Trump,Biden,"",.000075,.00425,,428,07:05:03 26 Sep 2020,40000
2020,President,polls-plus,9/26/2020,Trump,Biden,"",0,.002225,,427,07:05:03 26 Sep 2020,40000
2020,President,polls-plus,9/26/2020,Trump,Biden,"",0,.003825,,426,07:05:03 26 Sep 2020,40000
2020,President,polls-plus,9/26/2020,Trump,Biden,"",0,.0062,,425,07:05:03 26 Sep 2020,40000
2020,President,polls-plus,9/26/2020,Trump,Biden,"",0,.0016,,424,07:05:03 26 Sep 2020,40000
2020,President,polls-plus,9/26/2020,Trump,Biden,"",.00005,.002875,,423,07:05:03 26 Sep 2020,40000
2020,President,polls-plus,9/26/2020,Trump,Biden,"",.00005,.00795,,422,07:05:03 26 Sep 2020,40000
2020,President,polls-plus,9/26/2020,Trump,Biden,"",.000025,.00255,,421,07:05:03 26 Sep 2020,40000
2020,President,polls-plus,9/26/2020,Trump,Biden,"",.00005,.002225,,420,07:05:03 26 Sep 2020,40000
2020,President,polls-plus,9/26/2020,Trump,Biden,"",.00075,0,,42,07:05:03 26 Sep 2020,40000
2020,President,polls-plus,9/26/2020,Trump,Biden,"",0,.008325,,419,07:05:03 26 Sep 2020,40000
2020,President,polls-plus,9/26/2020,Trump,Biden,"",.00005,.001975,,418,07:05:03 26 Sep 2020,40000
2020,President,polls-plus,9/26/2020,Trump,Biden,"",0,.001625,,417,07:05:03 26 Sep 2020,40000
2020,President,polls-plus,9/26/2020,Trump,Biden,"",.000075,.016275,,416,07:05:03 26 Sep 2020,40000
2020,President,polls-plus,9/26/2020,Trump,Biden,"",0,.00285,,415,07:05:03 26 Sep 2020,40000
2020,President,polls-plus,9/26/2020,Trump,Biden,"",.00005,.0018,,414,07:05:03 26 Sep 2020,40000
2020,President,polls-plus,9/26/2020,Trump,Biden,"",.000025,.032125,,413,07:05:03 26 Sep 2020,40000
2020,President,polls-plus,9/26/2020,Trump,Biden,"",.000025,.008925,,412,07:05:03 26 Sep 2020,40000
2020,President,polls-plus,9/26/2020,Trump,Biden,"",.00005,.00115,,411,07:05:03 26 Sep 2020,40000
2020,President,polls-plus,9/26/2020,Trump,Biden,"",.000025,.0026,,410,07:05:03 26 Sep 2020,40000
2020,President,polls-plus,9/26/2020,Trump,Biden,"",.000125,0,,41,07:05:03 26 Sep 2020,40000
2020,President,polls-plus,9/26/2020,Trump,Biden,"",.000025,.00185,,409,07:05:03 26 Sep 2020,40000
2020,President,polls-plus,9/26/2020,Trump,Biden,"",.0001,.001325,,408,07:05:03 26 Sep 2020,40000
2020,President,polls-plus,9/26/2020,Trump,Biden,"",.000075,.005275,,407,07:05:03 26 Sep 2020,40000
2020,President,polls-plus,9/26/2020,Trump,Biden,"",.00005,.006475,,406,07:05:03 26 Sep 2020,40000
2020,President,polls-plus,9/26/2020,Trump,Biden,"",.000025,.0009,,405,07:05:03 26 Sep 2020,40000
2020,President,polls-plus,9/26/2020,Trump,Biden,"",.0001,.0016,,404,07:05:03 26 Sep 2020,40000
2020,President,polls-plus,9/26/2020,Trump,Biden,"",.00005,.0031,,403,07:05:03 26 Sep 2020,40000
2020,President,polls-plus,9/26/2020,Trump,Biden,"",0,.001425,,402,07:05:03 26 Sep 2020,40000
2020,President,polls-plus,9/26/2020,Trump,Biden,"",0,.00145,,401,07:05:03 26 Sep 2020,40000
2020,President,polls-plus,9/26/2020,Trump,Biden,"",.000075,.004675,,400,07:05:03 26 Sep 2020,40000
2020,President,polls-plus,9/26/2020,Trump,Biden,"",.000425,0,,40,07:05:03 26 Sep 2020,40000
2020,President,polls-plus,9/26/2020,Trump,Biden,"",.0005,0,,4,07:05:03 26 Sep 2020,40000
2020,President,polls-plus,9/26/2020,Trump,Biden,"",.0001,.001675,,399,07:05:03 26 Sep 2020,40000
2020,President,polls-plus,9/26/2020,Trump,Biden,"",.000025,.001425,,398,07:05:03 26 Sep 2020,40000
2020,President,polls-plus,9/26/2020,Trump,Biden,"",.000075,.0083,,397,07:05:03 26 Sep 2020,40000
2020,President,polls-plus,9/26/2020,Trump,Biden,"",.0001,.00255,,396,07:05:03 26 Sep 2020,40000
2020,President,polls-plus,9/26/2020,Trump,Biden,"",.000025,.001275,,395,07:05:03 26 Sep 2020,40000
2020,President,polls-plus,9/26/2020,Trump,Biden,"",.000025,.002575,,394,07:05:03 26 Sep 2020,40000
2020,President,polls-plus,9/26/2020,Trump,Biden,"",.00005,.0016,,393,07:05:03 26 Sep 2020,40000
2020,President,polls-plus,9/26/2020,Trump,Biden,"",.000175,.001225,,392,07:05:03 26 Sep 2020,40000
2020,President,polls-plus,9/26/2020,Trump,Biden,"",.0001,.004225,,391,07:05:03 26 Sep 2020,40000
2020,President,polls-plus,9/26/2020,Trump,Biden,"",0,.003175,,390,07:05:03 26 Sep 2020,40000
2020,President,polls-plus,9/26/2020,Trump,Biden,"",.000575,0,,39,07:05:03 26 Sep 2020,40000
2020,President,polls-plus,9/26/2020,Trump,Biden,"",.00005,.001725,,389,07:05:03 26 Sep 2020,40000
2020,President,polls-plus,9/26/2020,Trump,Biden,"",.000325,.003575,,388,07:05:03 26 Sep 2020,40000
2020,President,polls-plus,9/26/2020,Trump,Biden,"",.000175,.001975,,387,07:05:03 26 Sep 2020,40000
2020,President,polls-plus,9/26/2020,Trump,Biden,"",.000025,.001325,,386,07:05:03 26 Sep 2020,40000
2020,President,polls-plus,9/26/2020,Trump,Biden,"",.000075,.0017,,385,07:05:03 26 Sep 2020,40000
2020,President,polls-plus,9/26/2020,Trump,Biden,"",.000225,.00285,,384,07:05:03 26 Sep 2020,40000
2020,President,polls-plus,9/26/2020,Trump,Biden,"",.0003,.00165,,383,07:05:03 26 Sep 2020,40000
2020,President,polls-plus,9/26/2020,Trump,Biden,"",.000325,.002,,382,07:05:03 26 Sep 2020,40000
2020,President,polls-plus,9/26/2020,Trump,Biden,"",.0002,.0038,,381,07:05:03 26 Sep 2020,40000
2020,President,polls-plus,9/26/2020,Trump,Biden,"",.000225,.0017,,380,07:05:03 26 Sep 2020,40000
2020,President,polls-plus,9/26/2020,Trump,Biden,"",.000225,0,,38,07:05:03 26 Sep 2020,40000
2020,President,polls-plus,9/26/2020,Trump,Biden,"",.00035,.001875,,379,07:05:03 26 Sep 2020,40000
2020,President,polls-plus,9/26/2020,Trump,Biden,"",.000375,.00665,,378,07:05:03 26 Sep 2020,40000
2020,President,polls-plus,9/26/2020,Trump,Biden,"",.000225,.001775,,377,07:05:03 26 Sep 2020,40000
2020,President,polls-plus,9/26/2020,Trump,Biden,"",.000425,.001525,,376,07:05:03 26 Sep 2020,40000
2020,President,polls-plus,9/26/2020,Trump,Biden,"",.0003,.01855,,375,07:05:03 26 Sep 2020,40000
2020,President,polls-plus,9/26/2020,Trump,Biden,"",.000375,.00525,,374,07:05:03 26 Sep 2020,40000
2020,President,polls-plus,9/26/2020,Trump,Biden,"",.000125,.001625,,373,07:05:03 26 Sep 2020,40000
2020,President,polls-plus,9/26/2020,Trump,Biden,"",.000225,.003675,,372,07:05:03 26 Sep 2020,40000
2020,President,polls-plus,9/26/2020,Trump,Biden,"",.00025,.001825,,371,07:05:03 26 Sep 2020,40000
2020,President,polls-plus,9/26/2020,Trump,Biden,"",.000375,.001575,,370,07:05:03 26 Sep 2020,40000
2020,President,polls-plus,9/26/2020,Trump,Biden,"",.0003,0,,37,07:05:03 26 Sep 2020,40000
2020,President,polls-plus,9/26/2020,Trump,Biden,"",.000375,.00735,,369,07:05:03 26 Sep 2020,40000
2020,President,polls-plus,9/26/2020,Trump,Biden,"",.000325,.007275,,368,07:05:03 26 Sep 2020,40000
2020,President,polls-plus,9/26/2020,Trump,Biden,"",.000225,.001925,,367,07:05:03 26 Sep 2020,40000
2020,President,polls-plus,9/26/2020,Trump,Biden,"",.00065,.001475,,366,07:05:03 26 Sep 2020,40000
2020,President,polls-plus,9/26/2020,Trump,Biden,"",.000225,.00425,,365,07:05:03 26 Sep 2020,40000
2020,President,polls-plus,9/26/2020,Trump,Biden,"",.00035,.003225,,364,07:05:03 26 Sep 2020,40000
2020,President,polls-plus,9/26/2020,Trump,Biden,"",.001275,.0018,,363,07:05:03 26 Sep 2020,40000
2020,President,polls-plus,9/26/2020,Trump,Biden,"",.003675,.006125,,362,07:05:03 26 Sep 2020,40000
2020,President,polls-plus,9/26/2020,Trump,Biden,"",.000425,.002075,,361,07:05:03 26 Sep 2020,40000
2020,President,polls-plus,9/26/2020,Trump,Biden,"",.00075,.002375,,360,07:05:03 26 Sep 2020,40000
2020,President,polls-plus,9/26/2020,Trump,Biden,"",.000375,0,,36,07:05:03 26 Sep 2020,40000
2020,President,polls-plus,9/26/2020,Trump,Biden,"",.000325,.019325,,359,07:05:03 26 Sep 2020,40000
2020,President,polls-plus,9/26/2020,Trump,Biden,"",.0009,.0053,,358,07:05:03 26 Sep 2020,40000
2020,President,polls-plus,9/26/2020,Trump,Biden,"",.001575,.003675,,357,07:05:03 26 Sep 2020,40000
2020,President,polls-plus,9/26/2020,Trump,Biden,"",.00065,.003375,,356,07:05:03 26 Sep 2020,40000
2020,President,polls-plus,9/26/2020,Trump,Biden,"",.002125,.00175,,355,07:05:03 26 Sep 2020,40000
2020,President,polls-plus,9/26/2020,Trump,Biden,"",.000325,.0022,,354,07:05:03 26 Sep 2020,40000
2020,President,polls-plus,9/26/2020,Trump,Biden,"",.00145,.01395,,353,07:05:03 26 Sep 2020,40000
2020,President,polls-plus,9/26/2020,Trump,Biden,"",.00045,.00915,,352,07:05:03 26 Sep 2020,40000
2020,President,polls-plus,9/26/2020,Trump,Biden,"",.000675,.003675,,351,07:05:03 26 Sep 2020,40000
2020,President,polls-plus,9/26/2020,Trump,Biden,"",.0027,.005325,,350,07:05:03 26 Sep 2020,40000
2020,President,polls-plus,9/26/2020,Trump,Biden,"",.000225,.000025,,35,07:05:03 26 Sep 2020,40000
2020,President,polls-plus,9/26/2020,Trump,Biden,"",.0028,.002575,,349,07:05:03 26 Sep 2020,40000
2020,President,polls-plus,9/26/2020,Trump,Biden,"",.00185,.00325,,348,07:05:03 26 Sep 2020,40000
2020,President,polls-plus,9/26/2020,Trump,Biden,"",.000825,.0031,,347,07:05:03 26 Sep 2020,40000
2020,President,polls-plus,9/26/2020,Trump,Biden,"",.00055,.002725,,346,07:05:03 26 Sep 2020,40000
2020,President,polls-plus,9/26/2020,Trump,Biden,"",.0011,.001775,,345,07:05:03 26 Sep 2020,40000
2020,President,polls-plus,9/26/2020,Trump,Biden,"",.002475,.006025,,344,07:05:03 26 Sep 2020,40000
2020,President,polls-plus,9/26/2020,Trump,Biden,"",.000975,.004025,,343,07:05:03 26 Sep 2020,40000
2020,President,polls-plus,9/26/2020,Trump,Biden,"",.003325,.004375,,342,07:05:03 26 Sep 2020,40000
2020,President,polls-plus,9/26/2020,Trump,Biden,"",.000825,.00425,,341,07:05:03 26 Sep 2020,40000
2020,President,polls-plus,9/26/2020,Trump,Biden,"",.0016,.00285,,340,07:05:03 26 Sep 2020,40000
2020,President,polls-plus,9/26/2020,Trump,Biden,"",.00035,0,,34,07:05:03 26 Sep 2020,40000
2020,President,polls-plus,9/26/2020,Trump,Biden,"",.0016,.001675,,339,07:05:03 26 Sep 2020,40000
2020,President,polls-plus,9/26/2020,Trump,Biden,"",.00145,.006175,,338,07:05:03 26 Sep 2020,40000
2020,President,polls-plus,9/26/2020,Trump,Biden,"",.00385,.0072,,337,07:05:03 26 Sep 2020,40000
2020,President,polls-plus,9/26/2020,Trump,Biden,"",.0007,.0035,,336,07:05:03 26 Sep 2020,40000
2020,President,polls-plus,9/26/2020,Trump,Biden,"",.004575,.006,,335,07:05:03 26 Sep 2020,40000
2020,President,polls-plus,9/26/2020,Trump,Biden,"",.0012,.007025,,334,07:05:03 26 Sep 2020,40000
2020,President,polls-plus,9/26/2020,Trump,Biden,"",.001825,.004275,,333,07:05:03 26 Sep 2020,40000
2020,President,polls-plus,9/26/2020,Trump,Biden,"",.0013,.0019,,332,07:05:03 26 Sep 2020,40000
2020,President,polls-plus,9/26/2020,Trump,Biden,"",.00205,.002025,,331,07:05:03 26 Sep 2020,40000
2020,President,polls-plus,9/26/2020,Trump,Biden,"",.0014,.00485,,330,07:05:03 26 Sep 2020,40000
2020,President,polls-plus,9/26/2020,Trump,Biden,"",.0002,0,,33,07:05:03 26 Sep 2020,40000
2020,President,polls-plus,9/26/2020,Trump,Biden,"",.001675,.0029,,329,07:05:03 26 Sep 2020,40000
2020,President,polls-plus,9/26/2020,Trump,Biden,"",.0036,.00235,,328,07:05:03 26 Sep 2020,40000
2020,President,polls-plus,9/26/2020,Trump,Biden,"",.00165,.002475,,327,07:05:03 26 Sep 2020,40000
2020,President,polls-plus,9/26/2020,Trump,Biden,"",.0042,.003,,326,07:05:03 26 Sep 2020,40000
2020,President,polls-plus,9/26/2020,Trump,Biden,"",.003675,.003775,,325,07:05:03 26 Sep 2020,40000
2020,President,polls-plus,9/26/2020,Trump,Biden,"",.000925,.005275,,324,07:05:03 26 Sep 2020,40000
2020,President,polls-plus,9/26/2020,Trump,Biden,"",.0013,.005375,,323,07:05:03 26 Sep 2020,40000
2020,President,polls-plus,9/26/2020,Trump,Biden,"",.0031,.00335,,322,07:05:03 26 Sep 2020,40000
2020,President,polls-plus,9/26/2020,Trump,Biden,"",.002375,.00235,,321,07:05:03 26 Sep 2020,40000
2020,President,polls-plus,9/26/2020,Trump,Biden,"",.002175,.00485,,320,07:05:03 26 Sep 2020,40000
2020,President,polls-plus,9/26/2020,Trump,Biden,"",.000375,0,,32,07:05:03 26 Sep 2020,40000
2020,President,polls-plus,9/26/2020,Trump,Biden,"",.00185,.0144,,319,07:05:03 26 Sep 2020,40000
2020,President,polls-plus,9/26/2020,Trump,Biden,"",.00235,.0067,,318,07:05:03 26 Sep 2020,40000
2020,President,polls-plus,9/26/2020,Trump,Biden,"",.00135,.001825,,317,07:05:03 26 Sep 2020,40000
2020,President,polls-plus,9/26/2020,Trump,Biden,"",.005825,.0026,,316,07:05:03 26 Sep 2020,40000
2020,President,polls-plus,9/26/2020,Trump,Biden,"",.0017,.004775,,315,07:05:03 26 Sep 2020,40000
2020,President,polls-plus,9/26/2020,Trump,Biden,"",.000875,.004375,,314,07:05:03 26 Sep 2020,40000
2020,President,polls-plus,9/26/2020,Trump,Biden,"",.00135,.006375,,313,07:05:03 26 Sep 2020,40000
2020,President,polls-plus,9/26/2020,Trump,Biden,"",.00475,.004075,,312,07:05:03 26 Sep 2020,40000
2020,President,polls-plus,9/26/2020,Trump,Biden,"",.0025,.002075,,311,07:05:03 26 Sep 2020,40000
2020,President,polls-plus,9/26/2020,Trump,Biden,"",.003825,.0021,,310,07:05:03 26 Sep 2020,40000
2020,President,polls-plus,9/26/2020,Trump,Biden,"",.000325,0,,31,07:05:03 26 Sep 2020,40000
2020,President,polls-plus,9/26/2020,Trump,Biden,"",.00225,.006175,,309,07:05:03 26 Sep 2020,40000
2020,President,polls-plus,9/26/2020,Trump,Biden,"",.00135,.0067,,308,07:05:03 26 Sep 2020,40000
2020,President,polls-plus,9/26/2020,Trump,Biden,"",.001025,.003525,,307,07:05:03 26 Sep 2020,40000
2020,President,polls-plus,9/26/2020,Trump,Biden,"",.0032,.00365,,306,07:05:03 26 Sep 2020,40000
2020,President,polls-plus,9/26/2020,Trump,Biden,"",.002025,.00435,,305,07:05:03 26 Sep 2020,40000
2020,President,polls-plus,9/26/2020,Trump,Biden,"",.0021,.004125,,304,07:05:03 26 Sep 2020,40000
2020,President,polls-plus,9/26/2020,Trump,Biden,"",.0011,.00235,,303,07:05:03 26 Sep 2020,40000
2020,President,polls-plus,9/26/2020,Trump,Biden,"",.0026,.001975,,302,07:05:03 26 Sep 2020,40000
2020,President,polls-plus,9/26/2020,Trump,Biden,"",.002425,.002475,,301,07:05:03 26 Sep 2020,40000
2020,President,polls-plus,9/26/2020,Trump,Biden,"",.004425,.001875,,300,07:05:03 26 Sep 2020,40000
2020,President,polls-plus,9/26/2020,Trump,Biden,"",.00015,0,,30,07:05:03 26 Sep 2020,40000
2020,President,polls-plus,9/26/2020,Trump,Biden,"",.000025,0,,3,07:05:03 26 Sep 2020,40000
2020,President,polls-plus,9/26/2020,Trump,Biden,"",.002275,.0024,,299,07:05:03 26 Sep 2020,40000
2020,President,polls-plus,9/26/2020,Trump,Biden,"",.001325,.006175,,298,07:05:03 26 Sep 2020,40000
2020,President,polls-plus,9/26/2020,Trump,Biden,"",.0011,.005625,,297,07:05:03 26 Sep 2020,40000
2020,President,polls-plus,9/26/2020,Trump,Biden,"",.004325,.001875,,296,07:05:03 26 Sep 2020,40000
2020,President,polls-plus,9/26/2020,Trump,Biden,"",.003125,.004,,295,07:05:03 26 Sep 2020,40000
2020,President,polls-plus,9/26/2020,Trump,Biden,"",.0054,.006275,,294,07:05:03 26 Sep 2020,40000
2020,President,polls-plus,9/26/2020,Trump,Biden,"",.00255,.0039,,293,07:05:03 26 Sep 2020,40000
2020,President,polls-plus,9/26/2020,Trump,Biden,"",.001875,.00235,,292,07:05:03 26 Sep 2020,40000
2020,President,polls-plus,9/26/2020,Trump,Biden,"",.0023,.005,,291,07:05:03 26 Sep 2020,40000
2020,President,polls-plus,9/26/2020,Trump,Biden,"",.0053,.011675,,290,07:05:03 26 Sep 2020,40000
2020,President,polls-plus,9/26/2020,Trump,Biden,"",.0003,0,,29,07:05:03 26 Sep 2020,40000
2020,President,polls-plus,9/26/2020,Trump,Biden,"",.002775,.006775,,289,07:05:03 26 Sep 2020,40000
2020,President,polls-plus,9/26/2020,Trump,Biden,"",.001375,.002425,,288,07:05:03 26 Sep 2020,40000
2020,President,polls-plus,9/26/2020,Trump,Biden,"",.000875,.002375,,287,07:05:03 26 Sep 2020,40000
2020,President,polls-plus,9/26/2020,Trump,Biden,"",.0035,.003075,,286,07:05:03 26 Sep 2020,40000
2020,President,polls-plus,9/26/2020,Trump,Biden,"",.004325,.004125,,285,07:05:03 26 Sep 2020,40000
2020,President,polls-plus,9/26/2020,Trump,Biden,"",.005375,.0025,,284,07:05:03 26 Sep 2020,40000
2020,President,polls-plus,9/26/2020,Trump,Biden,"",.00425,.002475,,283,07:05:03 26 Sep 2020,40000
2020,President,polls-plus,9/26/2020,Trump,Biden,"",.001575,.00215,,282,07:05:03 26 Sep 2020,40000
2020,President,polls-plus,9/26/2020,Trump,Biden,"",.001875,.001675,,281,07:05:03 26 Sep 2020,40000
2020,President,polls-plus,9/26/2020,Trump,Biden,"",.005525,.005775,,280,07:05:03 26 Sep 2020,40000
2020,President,polls-plus,9/26/2020,Trump,Biden,"",.00035,0,,28,07:05:03 26 Sep 2020,40000
2020,President,polls-plus,9/26/2020,Trump,Biden,"",.005725,.0149,,279,07:05:03 26 Sep 2020,40000
2020,President,polls-plus,9/26/2020,Trump,Biden,"",.002075,.00875,,278,07:05:03 26 Sep 2020,40000
2020,President,polls-plus,9/26/2020,Trump,Biden,"",.000625,.001825,,277,07:05:03 26 Sep 2020,40000
2020,President,polls-plus,9/26/2020,Trump,Biden,"",.0025,.001725,,276,07:05:03 26 Sep 2020,40000
2020,President,polls-plus,9/26/2020,Trump,Biden,"",.003325,.002975,,275,07:05:03 26 Sep 2020,40000
2020,President,polls-plus,9/26/2020,Trump,Biden,"",.003075,.006175,,274,07:05:03 26 Sep 2020,40000
2020,President,polls-plus,9/26/2020,Trump,Biden,"",.004175,.004575,,273,07:05:03 26 Sep 2020,40000
2020,President,polls-plus,9/26/2020,Trump,Biden,"",.002275,.003525,,272,07:05:03 26 Sep 2020,40000
2020,President,polls-plus,9/26/2020,Trump,Biden,"",.000925,.00155,,271,07:05:03 26 Sep 2020,40000
2020,President,polls-plus,9/26/2020,Trump,Biden,"",.003425,.00305,,270,07:05:03 26 Sep 2020,40000
2020,President,polls-plus,9/26/2020,Trump,Biden,"",.0001,0,,27,07:05:03 26 Sep 2020,40000
2020,President,polls-plus,9/26/2020,Trump,Biden,"",.00535,.00535,,269,07:05:03 26 Sep 2020,40000
2020,President,polls-plus,9/26/2020,Trump,Biden,"",.00305,.003425,,268,07:05:03 26 Sep 2020,40000
2020,President,polls-plus,9/26/2020,Trump,Biden,"",.00155,.000925,,267,07:05:03 26 Sep 2020,40000
2020,President,polls-plus,9/26/2020,Trump,Biden,"",.003525,.002275,,266,07:05:03 26 Sep 2020,40000
2020,President,polls-plus,9/26/2020,Trump,Biden,"",.004575,.004175,,265,07:05:03 26 Sep 2020,40000
2020,President,polls-plus,9/26/2020,Trump,Biden,"",.006175,.003075,,264,07:05:03 26 Sep 2020,40000
2020,President,polls-plus,9/26/2020,Trump,Biden,"",.002975,.003325,,263,07:05:03 26 Sep 2020,40000
2020,President,polls-plus,9/26/2020,Trump,Biden,"",.001725,.0025,,262,07:05:03 26 Sep 2020,40000
2020,President,polls-plus,9/26/2020,Trump,Biden,"",.001825,.000625,,261,07:05:03 26 Sep 2020,40000
2020,President,polls-plus,9/26/2020,Trump,Biden,"",.00875,.002075,,260,07:05:03 26 Sep 2020,40000
2020,President,polls-plus,9/26/2020,Trump,Biden,"",.00035,0,,26,07:05:03 26 Sep 2020,40000
2020,President,polls-plus,9/26/2020,Trump,Biden,"",.0149,.005725,,259,07:05:03 26 Sep 2020,40000
2020,President,polls-plus,9/26/2020,Trump,Biden,"",.005775,.005525,,258,07:05:03 26 Sep 2020,40000
2020,President,polls-plus,9/26/2020,Trump,Biden,"",.001675,.001875,,257,07:05:03 26 Sep 2020,40000
2020,President,polls-plus,9/26/2020,Trump,Biden,"",.00215,.001575,,256,07:05:03 26 Sep 2020,40000
2020,President,polls-plus,9/26/2020,Trump,Biden,"",.002475,.00425,,255,07:05:03 26 Sep 2020,40000
2020,President,polls-plus,9/26/2020,Trump,Biden,"",.0025,.005375,,254,07:05:03 26 Sep 2020,40000
2020,President,polls-plus,9/26/2020,Trump,Biden,"",.004125,.004325,,253,07:05:03 26 Sep 2020,40000
2020,President,polls-plus,9/26/2020,Trump,Biden,"",.003075,.0035,,252,07:05:03 26 Sep 2020,40000
2020,President,polls-plus,9/26/2020,Trump,Biden,"",.002375,.000875,,251,07:05:03 26 Sep 2020,40000
2020,President,polls-plus,9/26/2020,Trump,Biden,"",.002425,.001375,,250,07:05:03 26 Sep 2020,40000
2020,President,polls-plus,9/26/2020,Trump,Biden,"",.00025,0,,25,07:05:03 26 Sep 2020,40000
2020,President,polls-plus,9/26/2020,Trump,Biden,"",.006775,.002775,,249,07:05:03 26 Sep 2020,40000
2020,President,polls-plus,9/26/2020,Trump,Biden,"",.011675,.0053,,248,07:05:03 26 Sep 2020,40000
2020,President,polls-plus,9/26/2020,Trump,Biden,"",.005,.0023,,247,07:05:03 26 Sep 2020,40000
2020,President,polls-plus,9/26/2020,Trump,Biden,"",.00235,.001875,,246,07:05:03 26 Sep 2020,40000
2020,President,polls-plus,9/26/2020,Trump,Biden,"",.0039,.00255,,245,07:05:03 26 Sep 2020,40000
2020,President,polls-plus,9/26/2020,Trump,Biden,"",.006275,.0054,,244,07:05:03 26 Sep 2020,40000
2020,President,polls-plus,9/26/2020,Trump,Biden,"",.004,.003125,,243,07:05:03 26 Sep 2020,40000
2020,President,polls-plus,9/26/2020,Trump,Biden,"",.001875,.004325,,242,07:05:03 26 Sep 2020,40000
2020,President,polls-plus,9/26/2020,Trump,Biden,"",.005625,.0011,,241,07:05:03 26 Sep 2020,40000
2020,President,polls-plus,9/26/2020,Trump,Biden,"",.006175,.001325,,240,07:05:03 26 Sep 2020,40000
2020,President,polls-plus,9/26/2020,Trump,Biden,"",.0001,0,,24,07:05:03 26 Sep 2020,40000
2020,President,polls-plus,9/26/2020,Trump,Biden,"",.0024,.002275,,239,07:05:03 26 Sep 2020,40000
2020,President,polls-plus,9/26/2020,Trump,Biden,"",.001875,.004425,,238,07:05:03 26 Sep 2020,40000
2020,President,polls-plus,9/26/2020,Trump,Biden,"",.002475,.002425,,237,07:05:03 26 Sep 2020,40000
2020,President,polls-plus,9/26/2020,Trump,Biden,"",.001975,.0026,,236,07:05:03 26 Sep 2020,40000
2020,President,polls-plus,9/26/2020,Trump,Biden,"",.00235,.0011,,235,07:05:03 26 Sep 2020,40000
2020,President,polls-plus,9/26/2020,Trump,Biden,"",.004125,.0021,,234,07:05:03 26 Sep 2020,40000
2020,President,polls-plus,9/26/2020,Trump,Biden,"",.00435,.002025,,233,07:05:03 26 Sep 2020,40000
2020,President,polls-plus,9/26/2020,Trump,Biden,"",.00365,.0032,,232,07:05:03 26 Sep 2020,40000
2020,President,polls-plus,9/26/2020,Trump,Biden,"",.003525,.001025,,231,07:05:03 26 Sep 2020,40000
2020,President,polls-plus,9/26/2020,Trump,Biden,"",.0067,.00135,,230,07:05:03 26 Sep 2020,40000
2020,President,polls-plus,9/26/2020,Trump,Biden,"",.000275,0,,23,07:05:03 26 Sep 2020,40000
2020,President,polls-plus,9/26/2020,Trump,Biden,"",.006175,.00225,,229,07:05:03 26 Sep 2020,40000
2020,President,polls-plus,9/26/2020,Trump,Biden,"",.0021,.003825,,228,07:05:03 26 Sep 2020,40000
2020,President,polls-plus,9/26/2020,Trump,Biden,"",.002075,.0025,,227,07:05:03 26 Sep 2020,40000
2020,President,polls-plus,9/26/2020,Trump,Biden,"",.004075,.00475,,226,07:05:03 26 Sep 2020,40000
2020,President,polls-plus,9/26/2020,Trump,Biden,"",.006375,.00135,,225,07:05:03 26 Sep 2020,40000
2020,President,polls-plus,9/26/2020,Trump,Biden,"",.004375,.000875,,224,07:05:03 26 Sep 2020,40000
2020,President,polls-plus,9/26/2020,Trump,Biden,"",.004775,.0017,,223,07:05:03 26 Sep 2020,40000
2020,President,polls-plus,9/26/2020,Trump,Biden,"",.0026,.005825,,222,07:05:03 26 Sep 2020,40000
2020,President,polls-plus,9/26/2020,Trump,Biden,"",.001825,.00135,,221,07:05:03 26 Sep 2020,40000
2020,President,polls-plus,9/26/2020,Trump,Biden,"",.0067,.00235,,220,07:05:03 26 Sep 2020,40000
2020,President,polls-plus,9/26/2020,Trump,Biden,"",.00025,0,,22,07:05:03 26 Sep 2020,40000
2020,President,polls-plus,9/26/2020,Trump,Biden,"",.0144,.00185,,219,07:05:03 26 Sep 2020,40000
2020,President,polls-plus,9/26/2020,Trump,Biden,"",.00485,.002175,,218,07:05:03 26 Sep 2020,40000
2020,President,polls-plus,9/26/2020,Trump,Biden,"",.00235,.002375,,217,07:05:03 26 Sep 2020,40000
2020,President,polls-plus,9/26/2020,Trump,Biden,"",.00335,.0031,,216,07:05:03 26 Sep 2020,40000
2020,President,polls-plus,9/26/2020,Trump,Biden,"",.005375,.0013,,215,07:05:03 26 Sep 2020,40000
2020,President,polls-plus,9/26/2020,Trump,Biden,"",.005275,.000925,,214,07:05:03 26 Sep 2020,40000
2020,President,polls-plus,9/26/2020,Trump,Biden,"",.003775,.003675,,213,07:05:03 26 Sep 2020,40000
2020,President,polls-plus,9/26/2020,Trump,Biden,"",.003,.0042,,212,07:05:03 26 Sep 2020,40000
2020,President,polls-plus,9/26/2020,Trump,Biden,"",.002475,.00165,,211,07:05:03 26 Sep 2020,40000
2020,President,polls-plus,9/26/2020,Trump,Biden,"",.00235,.0036,,210,07:05:03 26 Sep 2020,40000
2020,President,polls-plus,9/26/2020,Trump,Biden,"",.00005,0,,21,07:05:03 26 Sep 2020,40000
2020,President,polls-plus,9/26/2020,Trump,Biden,"",.0029,.001675,,209,07:05:03 26 Sep 2020,40000
2020,President,polls-plus,9/26/2020,Trump,Biden,"",.00485,.0014,,208,07:05:03 26 Sep 2020,40000
2020,President,polls-plus,9/26/2020,Trump,Biden,"",.002025,.00205,,207,07:05:03 26 Sep 2020,40000
2020,President,polls-plus,9/26/2020,Trump,Biden,"",.0019,.0013,,206,07:05:03 26 Sep 2020,40000
2020,President,polls-plus,9/26/2020,Trump,Biden,"",.004275,.001825,,205,07:05:03 26 Sep 2020,40000
2020,President,polls-plus,9/26/2020,Trump,Biden,"",.007025,.0012,,204,07:05:03 26 Sep 2020,40000
2020,President,polls-plus,9/26/2020,Trump,Biden,"",.006,.004575,,203,07:05:03 26 Sep 2020,40000
2020,President,polls-plus,9/26/2020,Trump,Biden,"",.0035,.0007,,202,07:05:03 26 Sep 2020,40000
2020,President,polls-plus,9/26/2020,Trump,Biden,"",.0072,.00385,,201,07:05:03 26 Sep 2020,40000
2020,President,polls-plus,9/26/2020,Trump,Biden,"",.006175,.00145,,200,07:05:03 26 Sep 2020,40000
2020,President,polls-plus,9/26/2020,Trump,Biden,"",.000175,0,,20,07:05:03 26 Sep 2020,40000
2020,President,polls-plus,9/26/2020,Trump,Biden,"",0,0,,2,07:05:03 26 Sep 2020,40000
2020,President,polls-plus,9/26/2020,Trump,Biden,"",.001675,.0016,,199,07:05:03 26 Sep 2020,40000
2020,President,polls-plus,9/26/2020,Trump,Biden,"",.00285,.0016,,198,07:05:03 26 Sep 2020,40000
2020,President,polls-plus,9/26/2020,Trump,Biden,"",.00425,.000825,,197,07:05:03 26 Sep 2020,40000
2020,President,polls-plus,9/26/2020,Trump,Biden,"",.004375,.003325,,196,07:05:03 26 Sep 2020,40000
2020,President,polls-plus,9/26/2020,Trump,Biden,"",.004025,.000975,,195,07:05:03 26 Sep 2020,40000
2020,President,polls-plus,9/26/2020,Trump,Biden,"",.006025,.002475,,194,07:05:03 26 Sep 2020,40000
2020,President,polls-plus,9/26/2020,Trump,Biden,"",.001775,.0011,,193,07:05:03 26 Sep 2020,40000
2020,President,polls-plus,9/26/2020,Trump,Biden,"",.002725,.00055,,192,07:05:03 26 Sep 2020,40000
2020,President,polls-plus,9/26/2020,Trump,Biden,"",.0031,.000825,,191,07:05:03 26 Sep 2020,40000
2020,President,polls-plus,9/26/2020,Trump,Biden,"",.00325,.00185,,190,07:05:03 26 Sep 2020,40000
2020,President,polls-plus,9/26/2020,Trump,Biden,"",.000175,0,,19,07:05:03 26 Sep 2020,40000
2020,President,polls-plus,9/26/2020,Trump,Biden,"",.002575,.0028,,189,07:05:03 26 Sep 2020,40000
2020,President,polls-plus,9/26/2020,Trump,Biden,"",.005325,.0027,,188,07:05:03 26 Sep 2020,40000
2020,President,polls-plus,9/26/2020,Trump,Biden,"",.003675,.000675,,187,07:05:03 26 Sep 2020,40000
2020,President,polls-plus,9/26/2020,Trump,Biden,"",.00915,.00045,,186,07:05:03 26 Sep 2020,40000
2020,President,polls-plus,9/26/2020,Trump,Biden,"",.01395,.00145,,185,07:05:03 26 Sep 2020,40000
2020,President,polls-plus,9/26/2020,Trump,Biden,"",.0022,.000325,,184,07:05:03 26 Sep 2020,40000
2020,President,polls-plus,9/26/2020,Trump,Biden,"",.00175,.002125,,183,07:05:03 26 Sep 2020,40000
2020,President,polls-plus,9/26/2020,Trump,Biden,"",.003375,.00065,,182,07:05:03 26 Sep 2020,40000
2020,President,polls-plus,9/26/2020,Trump,Biden,"",.003675,.001575,,181,07:05:03 26 Sep 2020,40000
2020,President,polls-plus,9/26/2020,Trump,Biden,"",.0053,.0009,,180,07:05:03 26 Sep 2020,40000
2020,President,polls-plus,9/26/2020,Trump,Biden,"",.0001,0,,18,07:05:03 26 Sep 2020,40000
2020,President,polls-plus,9/26/2020,Trump,Biden,"",.019325,.000325,,179,07:05:03 26 Sep 2020,40000
2020,President,polls-plus,9/26/2020,Trump,Biden,"",.002375,.00075,,178,07:05:03 26 Sep 2020,40000
2020,President,polls-plus,9/26/2020,Trump,Biden,"",.002075,.000425,,177,07:05:03 26 Sep 2020,40000
2020,President,polls-plus,9/26/2020,Trump,Biden,"",.006125,.003675,,176,07:05:03 26 Sep 2020,40000
2020,President,polls-plus,9/26/2020,Trump,Biden,"",.0018,.001275,,175,07:05:03 26 Sep 2020,40000
2020,President,polls-plus,9/26/2020,Trump,Biden,"",.003225,.00035,,174,07:05:03 26 Sep 2020,40000
2020,President,polls-plus,9/26/2020,Trump,Biden,"",.00425,.000225,,173,07:05:03 26 Sep 2020,40000
2020,President,polls-plus,9/26/2020,Trump,Biden,"",.001475,.00065,,172,07:05:03 26 Sep 2020,40000
2020,President,polls-plus,9/26/2020,Trump,Biden,"",.001925,.000225,,171,07:05:03 26 Sep 2020,40000
2020,President,polls-plus,9/26/2020,Trump,Biden,"",.007275,.000325,,170,07:05:03 26 Sep 2020,40000
2020,President,polls-plus,9/26/2020,Trump,Biden,"",.00015,0,,17,07:05:03 26 Sep 2020,40000
2020,President,polls-plus,9/26/2020,Trump,Biden,"",.00735,.000375,,169,07:05:03 26 Sep 2020,40000
2020,President,polls-plus,9/26/2020,Trump,Biden,"",.001575,.000375,,168,07:05:03 26 Sep 2020,40000
2020,President,polls-plus,9/26/2020,Trump,Biden,"",.001825,.00025,,167,07:05:03 26 Sep 2020,40000
2020,President,polls-plus,9/26/2020,Trump,Biden,"",.003675,.000225,,166,07:05:03 26 Sep 2020,40000
2020,President,polls-plus,9/26/2020,Trump,Biden,"",.001625,.000125,,165,07:05:03 26 Sep 2020,40000
2020,President,polls-plus,9/26/2020,Trump,Biden,"",.00525,.000375,,164,07:05:03 26 Sep 2020,40000
2020,President,polls-plus,9/26/2020,Trump,Biden,"",.01855,.0003,,163,07:05:03 26 Sep 2020,40000
2020,President,polls-plus,9/26/2020,Trump,Biden,"",.001525,.000425,,162,07:05:03 26 Sep 2020,40000
2020,President,polls-plus,9/26/2020,Trump,Biden,"",.001775,.000225,,161,07:05:03 26 Sep 2020,40000
2020,President,polls-plus,9/26/2020,Trump,Biden,"",.00665,.000375,,160,07:05:03 26 Sep 2020,40000
2020,President,polls-plus,9/26/2020,Trump,Biden,"",.00025,0,,16,07:05:03 26 Sep 2020,40000
2020,President,polls-plus,9/26/2020,Trump,Biden,"",.001875,.00035,,159,07:05:03 26 Sep 2020,40000
2020,President,polls-plus,9/26/2020,Trump,Biden,"",.0017,.000225,,158,07:05:03 26 Sep 2020,40000
2020,President,polls-plus,9/26/2020,Trump,Biden,"",.0038,.0002,,157,07:05:03 26 Sep 2020,40000
2020,President,polls-plus,9/26/2020,Trump,Biden,"",.002,.000325,,156,07:05:03 26 Sep 2020,40000
2020,President,polls-plus,9/26/2020,Trump,Biden,"",.00165,.0003,,155,07:05:03 26 Sep 2020,40000
2020,President,polls-plus,9/26/2020,Trump,Biden,"",.00285,.000225,,154,07:05:03 26 Sep 2020,40000
2020,President,polls-plus,9/26/2020,Trump,Biden,"",.0017,.000075,,153,07:05:03 26 Sep 2020,40000
2020,President,polls-plus,9/26/2020,Trump,Biden,"",.001325,.000025,,152,07:05:03 26 Sep 2020,40000
2020,President,polls-plus,9/26/2020,Trump,Biden,"",.001975,.000175,,151,07:05:03 26 Sep 2020,40000
2020,President,polls-plus,9/26/2020,Trump,Biden,"",.003575,.000325,,150,07:05:03 26 Sep 2020,40000
2020,President,polls-plus,9/26/2020,Trump,Biden,"",.00015,0,,15,07:05:03 26 Sep 2020,40000
2020,President,polls-plus,9/26/2020,Trump,Biden,"",.001725,.00005,,149,07:05:03 26 Sep 2020,40000
2020,President,polls-plus,9/26/2020,Trump,Biden,"",.003175,0,,148,07:05:03 26 Sep 2020,40000
2020,President,polls-plus,9/26/2020,Trump,Biden,"",.004225,.0001,,147,07:05:03 26 Sep 2020,40000
2020,President,polls-plus,9/26/2020,Trump,Biden,"",.001225,.000175,,146,07:05:03 26 Sep 2020,40000
2020,President,polls-plus,9/26/2020,Trump,Biden,"",.0016,.00005,,145,07:05:03 26 Sep 2020,40000
2020,President,polls-plus,9/26/2020,Trump,Biden,"",.002575,.000025,,144,07:05:03 26 Sep 2020,40000
2020,President,polls-plus,9/26/2020,Trump,Biden,"",.001275,.000025,,143,07:05:03 26 Sep 2020,40000
2020,President,polls-plus,9/26/2020,Trump,Biden,"",.00255,.0001,,142,07:05:03 26 Sep 2020,40000
2020,President,polls-plus,9/26/2020,Trump,Biden,"",.0083,.000075,,141,07:05:03 26 Sep 2020,40000
2020,President,polls-plus,9/26/2020,Trump,Biden,"",.001425,.000025,,140,07:05:03 26 Sep 2020,40000
2020,President,polls-plus,9/26/2020,Trump,Biden,"",.00005,0,,14,07:05:03 26 Sep 2020,40000
2020,President,polls-plus,9/26/2020,Trump,Biden,"",.001675,.0001,,139,07:05:03 26 Sep 2020,40000
2020,President,polls-plus,9/26/2020,Trump,Biden,"",.004675,.000075,,138,07:05:03 26 Sep 2020,40000
2020,President,polls-plus,9/26/2020,Trump,Biden,"",.00145,0,,137,07:05:03 26 Sep 2020,40000
2020,President,polls-plus,9/26/2020,Trump,Biden,"",.001425,0,,136,07:05:03 26 Sep 2020,40000
2020,President,polls-plus,9/26/2020,Trump,Biden,"",.0031,.00005,,135,07:05:03 26 Sep 2020,40000
2020,President,polls-plus,9/26/2020,Trump,Biden,"",.0016,.0001,,134,07:05:03 26 Sep 2020,40000
2020,President,polls-plus,9/26/2020,Trump,Biden,"",.0009,.000025,,133,07:05:03 26 Sep 2020,40000
2020,President,polls-plus,9/26/2020,Trump,Biden,"",.006475,.00005,,132,07:05:03 26 Sep 2020,40000
2020,President,polls-plus,9/26/2020,Trump,Biden,"",.005275,.000075,,131,07:05:03 26 Sep 2020,40000
2020,President,polls-plus,9/26/2020,Trump,Biden,"",.001325,.0001,,130,07:05:03 26 Sep 2020,40000
2020,President,polls-plus,9/26/2020,Trump,Biden,"",.0001,0,,13,07:05:03 26 Sep 2020,40000
2020,President,polls-plus,9/26/2020,Trump,Biden,"",.00185,.000025,,129,07:05:03 26 Sep 2020,40000
2020,President,polls-plus,9/26/2020,Trump,Biden,"",.0026,.000025,,128,07:05:03 26 Sep 2020,40000
2020,President,polls-plus,9/26/2020,Trump,Biden,"",.00115,.00005,,127,07:05:03 26 Sep 2020,40000
2020,President,polls-plus,9/26/2020,Trump,Biden,"",.008925,.000025,,126,07:05:03 26 Sep 2020,40000
2020,President,polls-plus,9/26/2020,Trump,Biden,"",.032125,.000025,,125,07:05:03 26 Sep 2020,40000
2020,President,polls-plus,9/26/2020,Trump,Biden,"",.0018,.00005,,124,07:05:03 26 Sep 2020,40000
2020,President,polls-plus,9/26/2020,Trump,Biden,"",.00285,0,,123,07:05:03 26 Sep 2020,40000
2020,President,polls-plus,9/26/2020,Trump,Biden,"",.016275,.000075,,122,07:05:03 26 Sep 2020,40000
2020,President,polls-plus,9/26/2020,Trump,Biden,"",.001625,0,,121,07:05:03 26 Sep 2020,40000
2020,President,polls-plus,9/26/2020,Trump,Biden,"",.001975,.00005,,120,07:05:03 26 Sep 2020,40000
2020,President,polls-plus,9/26/2020,Trump,Biden,"",.0001,0,,12,07:05:03 26 Sep 2020,40000
2020,President,polls-plus,9/26/2020,Trump,Biden,"",.008325,0,,119,07:05:03 26 Sep 2020,40000
2020,President,polls-plus,9/26/2020,Trump,Biden,"",.002225,.00005,,118,07:05:03 26 Sep 2020,40000
2020,President,polls-plus,9/26/2020,Trump,Biden,"",.00255,.000025,,117,07:05:03 26 Sep 2020,40000
2020,President,polls-plus,9/26/2020,Trump,Biden,"",.00795,.00005,,116,07:05:03 26 Sep 2020,40000
2020,President,polls-plus,9/26/2020,Trump,Biden,"",.002875,.00005,,115,07:05:03 26 Sep 2020,40000
2020,President,polls-plus,9/26/2020,Trump,Biden,"",.0016,0,,114,07:05:03 26 Sep 2020,40000
2020,President,polls-plus,9/26/2020,Trump,Biden,"",.0062,0,,113,07:05:03 26 Sep 2020,40000
2020,President,polls-plus,9/26/2020,Trump,Biden,"",.003825,0,,112,07:05:03 26 Sep 2020,40000
2020,President,polls-plus,9/26/2020,Trump,Biden,"",.002225,0,,111,07:05:03 26 Sep 2020,40000
2020,President,polls-plus,9/26/2020,Trump,Biden,"",.00425,.000075,,110,07:05:03 26 Sep 2020,40000
2020,President,polls-plus,9/26/2020,Trump,Biden,"",.000125,0,,11,07:05:03 26 Sep 2020,40000
2020,President,polls-plus,9/26/2020,Trump,Biden,"",.0036,0,,109,07:05:03 26 Sep 2020,40000
2020,President,polls-plus,9/26/2020,Trump,Biden,"",.00215,.00005,,108,07:05:03 26 Sep 2020,40000
2020,President,polls-plus,9/26/2020,Trump,Biden,"",.003325,.00005,,107,07:05:03 26 Sep 2020,40000
2020,President,polls-plus,9/26/2020,Trump,Biden,"",.003425,0,,106,07:05:03 26 Sep 2020,40000
2020,President,polls-plus,9/26/2020,Trump,Biden,"",.001225,0,,105,07:05:03 26 Sep 2020,40000
2020,President,polls-plus,9/26/2020,Trump,Biden,"",.002125,0,,104,07:05:03 26 Sep 2020,40000
2020,President,polls-plus,9/26/2020,Trump,Biden,"",.00505,.000025,,103,07:05:03 26 Sep 2020,40000
2020,President,polls-plus,9/26/2020,Trump,Biden,"",.003525,.000025,,102,07:05:03 26 Sep 2020,40000
2020,President,polls-plus,9/26/2020,Trump,Biden,"",.00145,.000025,,101,07:05:03 26 Sep 2020,40000
2020,President,polls-plus,9/26/2020,Trump,Biden,"",.002375,0,,100,07:05:03 26 Sep 2020,40000
2020,President,polls-plus,9/26/2020,Trump,Biden,"",.000125,0,,10,07:05:03 26 Sep 2020,40000
2020,President,polls-plus,9/26/2020,Trump,Biden,"",.0002,0,,1,07:05:03 26 Sep 2020,40000
2020,President,polls-plus,9/26/2020,Trump,Biden,"",.000025,0,,0,07:05:03 26 Sep 2020,40000
